[{"model": "auth.user", "pk": 1, "fields": {"password": "pbkdf2_sha256$870000$CsvgZfx0pgOBzTWWMG0QJ2$t/OxWkRjPvbANYFk/g2sMbD2MoVd9YOKyJPBLm1KqAg=", "last_login": null, "is_superuser": true, "username": "exeyou", "first_name": "", "last_name": "", "email": "arsenstukalov@gmail.com", "is_staff": true, "is_active": true, "date_joined": "2025-04-09T16:23:59.796Z", "groups": [], "user_permissions": []}}, {"model": "auth.user", "pk": 2, "fields": {"password": "pbkdf2_sha256$870000$3g8OttJosKUf2tCPtgPPHr$TWvKiSJfZORhIYWrOPzLX5GH5OSzDsMNv6icvBpHrbY=", "last_login": "2025-04-16T20:33:28.255Z", "is_superuser": false, "username": "user12", "first_name": "Арсенiй", "last_name": "Стукалов", "email": "arsenstukalov@gmail.com", "is_staff": false, "is_active": true, "date_joined": "2025-04-16T20:33:26.686Z", "groups": [], "user_permissions": []}}, {"model": "auth.user", "pk": 3, "fields": {"password": "pbkdf2_sha256$870000$ytE6IsMvMEbM33WOklCjoG$VSRGObwVfN8ocqiEeSCIZw04V7dUwIRjqvuPw3QUB1M=", "last_login": "2025-05-05T17:22:37.025Z", "is_superuser": false, "username": "USERR", "first_name": "Арсенiй", "last_name": "Стукалов", "email": "arsenstukalov@gmail.com", "is_staff": false, "is_active": true, "date_joined": "2025-04-16T20:35:25.049Z", "groups": [], "user_permissions": []}}, {"model": "auth.user", "pk": 4, "fields": {"password": "pbkdf2_sha256$870000$Lv2Q2J0wh5dr4OoxvExrgt$FnXlTxaKd7gD7bOAicIeVP+LJ1cGJ9EfyItFVIjKpEE=", "last_login": "2025-04-16T21:29:23.029Z", "is_superuser": true, "username": "phobic", "first_name": "", "last_name": "", "email": "arsenstukalov@gmail.com", "is_staff": true, "is_active": true, "date_joined": "2025-04-16T21:28:36.255Z", "groups": [], "user_permissions": []}}, {"model": "auth.user", "pk": 5, "fields": {"password": "pbkdf2_sha256$870000$7KCDfAMCiGSjRnpYR1wM7z$z9NdMP1WIyRh43D/PJUZigYYP0D4z1zZa9VNh9oMwkU=", "last_login": "2025-04-21T08:36:58.143Z", "is_superuser": true, "username": "exeyou1", "first_name": "", "last_name": "", "email": "arsenstukalov@gmail.com", "is_staff": true, "is_active": true, "date_joined": "2025-04-21T08:36:51.575Z", "groups": [], "user_permissions": []}}, {"model": "auth.user", "pk": 6, "fields": {"password": "pbkdf2_sha256$870000$mcIBepD5Rb8QIKgjwcD10O$CFklvTl3YmOJMmC/JKusfUROXl6tIw5dLHA6clsDGDk=", "last_login": "2025-05-05T09:27:40.553Z", "is_superuser": false, "username": "signup", "first_name": "Арсенiй", "last_name": "Стукалов", "email": "arsenstukalov@gmail.com", "is_staff": false, "is_active": true, "date_joined": "2025-04-28T14:12:15.658Z", "groups": [], "user_permissions": []}}, {"model": "auth.user", "pk": 7, "fields": {"password": "pbkdf2_sha256$870000$xrxyxIwMdpTLWlScuyI0w3$wRxyVhbUhzijzWmckwporE0bWrVQt4jvLK81Dc8dOPY=", "last_login": "2025-06-30T09:16:25.991Z", "is_superuser": true, "username": "home", "first_name": "Арсенiй", "last_name": "Стукаловв", "email": "arsenstukalov@gmail.com", "is_staff": true, "is_active": true, "date_joined": "2025-04-28T14:16:25.285Z", "groups": [], "user_permissions": []}}, {"model": "auth.user", "pk": 8, "fields": {"password": "pbkdf2_sha256$870000$5dW5hsKjp3ZUG43uzVk9hm$bCmwbkdS/Rls2erqow3I1TQjzxlNEIDgm2KJBlnapcU=", "last_login": "2025-05-05T13:34:58.815Z", "is_superuser": false, "username": "hier", "first_name": "Арс", "last_name": "Стук", "email": "arsenstukalov@gmail.com", "is_staff": false, "is_active": true, "date_joined": "2025-05-05T13:34:57.450Z", "groups": [], "user_permissions": []}}, {"model": "auth.user", "pk": 9, "fields": {"password": "pbkdf2_sha256$870000$yHwW0KZnDZjqO2ChPXbOuI$JUGWerhEjDnvMt84v+oVKGKo9Ip5ul+mAoAELPYW8UU=", "last_login": "2025-05-05T14:16:30.094Z", "is_superuser": false, "username": "adada", "first_name": "Стукалов", "last_name": "Арсен", "email": "arsenstukalov@gmail.com", "is_staff": false, "is_active": true, "date_joined": "2025-05-05T14:16:28.753Z", "groups": [], "user_permissions": []}}, {"model": "auth.user", "pk": 10, "fields": {"password": "pbkdf2_sha256$870000$CcUDe2wNRaA0d27gH4XmCP$Di0EJVxBwfJdJ9AmaCRyqIeooqRUgxa3h4Xds+HMOMc=", "last_login": "2025-05-05T17:26:25.321Z", "is_superuser": false, "username": "ahahhh", "first_name": "12", "last_name": "12", "email": "arsenstukalov@gmail.com", "is_staff": false, "is_active": true, "date_joined": "2025-05-05T17:26:23.947Z", "groups": [], "user_permissions": []}}, {"model": "auth.user", "pk": 11, "fields": {"password": "pbkdf2_sha256$870000$otobH4hZpfbD5WgvVuTgJ3$2jZZL/mCgLSbx+eKc+HrnhjpSkXJW2SpNGFGu5OqRxM=", "last_login": "2025-05-05T17:29:30.912Z", "is_superuser": false, "username": "RAWR_sorryforsteal", "first_name": "ars", "last_name": "ars", "email": "arsenstukalov@gmail.com", "is_staff": false, "is_active": true, "date_joined": "2025-05-05T17:29:29.611Z", "groups": [], "user_permissions": []}}, {"model": "announcement.announcement", "pk": 3, "fields": {"name": "Важлива iнфа", "body": "забейте", "created_at": "2025-05-05T16:02:56.400Z", "date": "2025-05-05T16:02:56.400Z"}}, {"model": "announcement.announcement", "pk": 4, "fields": {"name": "Вот теперь рил важливе", "body": "забейте x2", "created_at": "2025-05-05T16:03:10.387Z", "date": "2025-05-05T16:03:10.387Z"}}, {"model": "sessions.session", "pk": "1fs1tbm3inhoa92ybrmkv8qqr91zg46i", "fields": {"session_data": ".eJxVjMsOwiAQRf-FtSEw5VFcuvcbCDOMUjWQlHZl_HfbpAvd3nPueYuY1qXEtfMcpyzOwovT74aJnlx3kB-p3pukVpd5Qrkr8qBdXlvm1-Vw_wIl9bK9gydHY0Bts_E3R-AtBDQMznilg1MBByLmBAlgy6IJdmQi0KAGRyQ-X9l3N9Q:1uTOl5:mGrqDXB1oH4iQqjIv8kQ0V20I3LqmUvno-7RMOv8_g0", "expire_date": "2025-07-06T17:45:35.316Z"}}, {"model": "sessions.session", "pk": "bh85qkdnklnlsqp1dzlbv1uag85hdfsb", "fields": {"session_data": ".eJxVjMsOwiAQRf-FtSEw5VFcuvcbCDOMUjWQlHZl_HfbpAvd3nPueYuY1qXEtfMcpyzOwovT74aJnlx3kB-p3pukVpd5Qrkr8qBdXlvm1-Vw_wIl9bK9gydHY0Bts_E3R-AtBDQMznilg1MBByLmBAlgy6IJdmQi0KAGRyQ-X9l3N9Q:1uWAcj:Eu0UENb7DfZzRrq09XyccnPiaPI1lhhnudFudIuPUiQ", "expire_date": "2025-07-14T09:16:25.996Z"}}, {"model": "sessions.session", "pk": "o6jbg9zya34442ym11bietctiejz2ky1", "fields": {"session_data": ".eJxVjMsOwiAUBf-FtSGlvS3g0r3fQO4DpGogKe3K-O_apAvdnpk5LxVwW3PYWlzCLOqsBnX63Qj5EcsO5I7lVjXXsi4z6V3RB236WiU-L4f7d5Cx5W_dQ0ckGFEmGg30LNYNDCP4HtkKgzBx9JQI_OS6lEyKYJy1diIhL-r9ARDeOSo:1uBy9l:4ayNUvtSvMU67DtvP4ZkWQdO9aS8ivCTdts3wRswsJM", "expire_date": "2025-05-19T15:55:01.896Z"}}, {"model": "sessions.session", "pk": "vuy0ujmh9i5kwsg2gs8htb39w8dfgev1", "fields": {"session_data": ".eJxVjMsOwiAQRf-FtSEw5VFcuvcbCDOMUjWQlHZl_HfbpAvd3nPueYuY1qXEtfMcpyzOwovT74aJnlx3kB-p3pukVpd5Qrkr8qBdXlvm1-Vw_wIl9bK9gydHY0Bts_E3R-AtBDQMznilg1MBByLmBAlgy6IJdmQi0KAGRyQ-X9l3N9Q:1uTj0h:o8RVJvfOSIr4CmEF0xtMiNA89q47w_M92FA7KIJRdb4", "expire_date": "2025-07-07T15:23:03.619Z"}}, {"model": "sessions.session", "pk": "xpkms4mhqg7ezd8oj2755zs9qu3kurjv", "fields": {"session_data": ".eJxVjMsOwiAQRf-FtSEw5VFcuvcbCDOMUjWQlHZl_HfbpAvd3nPueYuY1qXEtfMcpyzOwovT74aJnlx3kB-p3pukVpd5Qrkr8qBdXlvm1-Vw_wIl9bK9gydHY0Bts_E3R-AtBDQMznilg1MBByLmBAlgy6IJdmQi0KAGRyQ-X9l3N9Q:1uEVcy:504jEOhx90SStd2fyF39qG2xqfch-Uxh4m5T7pBr4IA", "expire_date": "2025-05-26T16:03:40.408Z"}}, {"model": "accounts.portfolioproject", "pk": 3, "fields": {"owner": 9, "title": "sfd", "description": "asdfsf", "screenshot": "", "link": "https://www.youtube.com/watch?v=ccXqS0OR41w&t=390s", "file": "", "created_at": "2025-05-05T14:34:45.451Z"}}, {"model": "accounts.portfolioproject", "pk": 4, "fields": {"owner": 9, "title": "dasd", "description": "adsasdda", "screenshot": "projects/screenshots/загружено_26_ikHB5PL.jpg", "link": "https://www.youtube.com/watch?v=ccXqS0OR41w&t=390s", "file": "projects/files/загружено_26_ChC8gFR.jpg", "created_at": "2025-05-05T14:44:54.877Z"}}, {"model": "forum.branch", "pk": 1, "fields": {"title": "Interesting theme", "body": "hmmmm...", "creator": 4}}, {"model": "forum.branch", "pk": 2, "fields": {"title": "Заборонити дiлення на нуль", "body": "Це неправильно", "creator": 7}}, {"model": "forum.comment", "pk": 19, "fields": {"branch": 1, "author": 7, "content": " ", "created_at": "2025-04-28T14:45:16.312Z", "media": "", "parent": null, "youtube_video_id": null}}, {"model": "forum.comment", "pk": 20, "fields": {"branch": 1, "author": 7, "content": " ", "created_at": "2025-04-28T14:45:18.130Z", "media": "", "parent": null, "youtube_video_id": null}}, {"model": "forum.comment", "pk": 21, "fields": {"branch": 1, "author": 7, "content": "sup https://www.youtube.com/watch?v=u6OI7Qp_26o", "created_at": "2025-04-28T14:51:19.407Z", "media": "", "parent": null, "youtube_video_id": "u6OI7Qp_26o"}}, {"model": "forum.comment", "pk": 22, "fields": {"branch": 1, "author": 7, "content": "FAF", "created_at": "2025-04-28T16:10:28.688Z", "media": "b-114aceb60691b.jpg", "parent": null, "youtube_video_id": null}}, {"model": "forum.comment", "pk": 23, "fields": {"branch": 1, "author": 7, "content": "no", "created_at": "2025-05-04T21:39:39.071Z", "media": "", "parent": 20, "youtube_video_id": null}}, {"model": "forum.comment", "pk": 25, "fields": {"branch": 1, "author": 7, "content": "ni", "created_at": "2025-05-04T21:39:48.596Z", "media": "", "parent": 20, "youtube_video_id": null}}, {"model": "forum.comment", "pk": 27, "fields": {"branch": 1, "author": 7, "content": "yeee", "created_at": "2025-05-04T21:54:11.213Z", "media": "", "parent": 19, "youtube_video_id": null}}, {"model": "forum.comment", "pk": 28, "fields": {"branch": 1, "author": 7, "content": "hhe", "created_at": "2025-05-04T21:54:20.933Z", "media": "utorrent_installer.exe", "parent": null, "youtube_video_id": null}}, {"model": "forum.comment", "pk": 29, "fields": {"branch": 1, "author": 8, "content": "HELLO!!", "created_at": "2025-05-05T13:35:08.192Z", "media": "", "parent": null, "youtube_video_id": null}}, {"model": "forum.comment", "pk": 30, "fields": {"branch": 1, "author": 8, "content": "yo cool video https://www.youtube.com/watch?v=Pq0XsEtDnSQ", "created_at": "2025-05-05T13:35:17.261Z", "media": "загружено_26_IN7z1bn.jpg", "parent": null, "youtube_video_id": "Pq0XsEtDnSQ"}}, {"model": "forum.comment", "pk": 31, "fields": {"branch": 1, "author": 8, "content": "ll", "created_at": "2025-05-05T13:35:23.855Z", "media": "", "parent": 30, "youtube_video_id": null}}, {"model": "forum.comment", "pk": 32, "fields": {"branch": 2, "author": 7, "content": "Згоден", "created_at": "2025-05-05T15:29:11.550Z", "media": "", "parent": null, "youtube_video_id": null}}, {"model": "forum.comment", "pk": 33, "fields": {"branch": 2, "author": 7, "content": "Фон", "created_at": "2025-05-05T15:29:40.064Z", "media": "изображение_2025-05-05_182939582.png", "parent": null, "youtube_video_id": null}}, {"model": "forum.comment", "pk": 36, "fields": {"branch": 2, "author": 3, "content": "https://www.youtube.com/watch?v=Vwj9q1Jk6LM", "created_at": "2025-05-05T15:55:21.489Z", "media": "", "parent": null, "youtube_video_id": "Vwj9q1Jk6LM"}}, {"model": "forum.comment", "pk": 38, "fields": {"branch": 2, "author": 7, "content": "aha", "created_at": "2025-05-05T16:44:05.654Z", "media": "", "parent": 36, "youtube_video_id": null}}, {"model": "forum.comment", "pk": 39, "fields": {"branch": 1, "author": 7, "content": "aaa", "created_at": "2025-06-30T11:44:19.657Z", "media": "", "parent": null, "youtube_video_id": null}}, {"model": "forum.like", "pk": 18, "fields": {"comment": 20, "user": 7, "created_at": "2025-05-04T21:39:36.182Z"}}, {"model": "forum.like", "pk": 19, "fields": {"comment": 19, "user": 7, "created_at": "2025-05-04T21:39:54.144Z"}}, {"model": "forum.like", "pk": 20, "fields": {"comment": 30, "user": 8, "created_at": "2025-05-05T13:35:20.506Z"}}, {"model": "forum.like", "pk": 21, "fields": {"comment": 29, "user": 8, "created_at": "2025-05-05T13:35:21.281Z"}}, {"model": "forum.like", "pk": 27, "fields": {"comment": 28, "user": 9, "created_at": "2025-05-05T14:50:07.079Z"}}, {"model": "forum.like", "pk": 32, "fields": {"comment": 36, "user": 3, "created_at": "2025-05-05T16:06:10.768Z"}}, {"model": "forum.like", "pk": 33, "fields": {"comment": 36, "user": 7, "created_at": "2025-05-05T16:44:02.043Z"}}, {"model": "forum.like", "pk": 34, "fields": {"comment": 33, "user": 7, "created_at": "2025-05-12T16:32:43.279Z"}}, {"model": "gallery.media", "pk": 7, "fields": {"user": 7, "file": "media_uploads/изображение_2025-05-05_185920532.png", "description": "Гордiсть школи", "media_type": "photo", "is_approved": true, "created_at": "2025-05-05T15:59:21.157Z"}}, {"model": "vote.poll", "pk": 5, "fields": {"question": "Яке морозиво краще?", "created_at": "2025-06-30T09:23:19Z", "updated_at": "2025-06-30T09:23:19Z"}}, {"model": "vote.choice", "pk": 5, "fields": {"poll": 5, "text": "Полуничне"}}, {"model": "vote.choice", "pk": 6, "fields": {"poll": 5, "text": "Шоколадне"}}, {"model": "vote.choice", "pk": 7, "fields": {"poll": 5, "text": "Ванільне"}}, {"model": "vote.vote", "pk": 2, "fields": {"user": 7, "poll": 5, "choice": 5, "voted_at": "2025-06-30T09:23:40.030Z", "revoted": true}}, {"model": "events.event", "pk": 1, "fields": {"name": "Рiздво", "body": "Вечiрка", "created_at": "2025-04-23T12:51:00.487Z", "date": "2025-05-05T00:00:00Z", "media": "изображение_2025-05-05_184352430.png"}}, {"model": "materials.material", "pk": 3, "fields": {"title": "Сборочка на лиона", "content": "https://steamcommunity.com/sharedfiles/filedetails/?id=3308418133", "media": "materials/загружено_26_oMoNNvV.jpg", "created_at": "2025-05-05T15:45:20.803Z", "updated_at": "2025-06-30T09:37:14.764Z", "author": 3}}, {"model": "materials.material", "pk": 7, "fields": {"title": "Гайд на дiлення дробiв", "content": "https://www.youtube.com/watch?v=n-PfWFmjYAw", "media": "", "created_at": "2025-06-30T09:38:10.462Z", "updated_at": "2025-06-30T09:38:10.462Z", "author": 3}}, {"model": "grades.grade", "pk": 1, "fields": {"student": 2, "subject": "123", "grade": 5, "date": "2025-04-28"}}, {"model": "grades.grade", "pk": 2, "fields": {"student": 2, "subject": "123", "grade": 9, "date": "2025-04-28"}}, {"model": "poll.survey", "pk": 11, "fields": {"title": "Як покращити сайт?", "description": "Дайте відповідi на прості питання, щоб допомогти нам дізнатися, чому ви віддаєте перевагу на нашому сайті.", "created_at": "2025-06-30T09:22:18.333Z", "is_active": true}}, {"model": "poll.question", "pk": 16, "fields": {"survey": 11, "text": "Що б ви бажали побачити на сайтi?", "question_type": "text", "order": 1}}, {"model": "poll.question", "pk": 17, "fields": {"survey": 11, "text": "Які оголошення на сайтi для вас найцікавіші?", "question_type": "checkbox", "order": 2}}, {"model": "poll.choice", "pk": 30, "fields": {"question": 17, "text": "Оновлення сайту"}}, {"model": "poll.choice", "pk": 31, "fields": {"question": 17, "text": "Колективні збори / події"}}, {"model": "poll.choice", "pk": 32, "fields": {"question": 17, "text": "Поява нових тестів та опитувань"}}, {"model": "poll.surveyresult", "pk": 23, "fields": {"user": 7, "survey": 11, "submitted_at": "2025-06-30T09:24:01.987Z", "attempt": 1}}, {"model": "poll.surveyresult", "pk": 24, "fields": {"user": 7, "survey": 11, "submitted_at": "2025-06-30T09:24:06.658Z", "attempt": 2}}, {"model": "poll.answer", "pk": 35, "fields": {"result": 23, "question": 16, "text_answer": "вф", "choices": []}}, {"model": "poll.answer", "pk": 36, "fields": {"result": 24, "question": 17, "text_answer": null, "choices": [30, 31]}}]