[{"model": "admin.logentry", "pk": 1, "fields": {"action_time": "2025-04-16T21:32:14.765Z", "user": 4, "content_type": 11, "object_id": "1", "object_repr": "Interesting theme", "action_flag": 1, "change_message": "[{\"added\": {}}]"}}, {"model": "admin.logentry", "pk": 2, "fields": {"action_time": "2025-04-21T08:37:08.718Z", "user": 5, "content_type": 12, "object_id": "1", "object_repr": "photo by USERR", "action_flag": 2, "change_message": "[{\"changed\": {\"fields\": [\"Is approved\"]}}]"}}, {"model": "admin.logentry", "pk": 3, "fields": {"action_time": "2025-04-21T16:10:11.336Z", "user": 5, "content_type": 12, "object_id": "1", "object_repr": "photo by USERR", "action_flag": 2, "change_message": "[{\"changed\": {\"fields\": [\"Is approved\"]}}]"}}, {"model": "admin.logentry", "pk": 4, "fields": {"action_time": "2025-04-21T16:10:40.427Z", "user": 5, "content_type": 12, "object_id": "2", "object_repr": "photo by exeyou1", "action_flag": 2, "change_message": "[{\"changed\": {\"fields\": [\"Is approved\"]}}]"}}, {"model": "admin.logentry", "pk": 5, "fields": {"action_time": "2025-04-23T12:51:00.491Z", "user": 5, "content_type": 14, "object_id": "1", "object_repr": "Рiздво", "action_flag": 1, "change_message": "[{\"added\": {}}]"}}, {"model": "admin.logentry", "pk": 6, "fields": {"action_time": "2025-04-28T14:16:51.709Z", "user": 7, "content_type": 17, "object_id": "1", "object_repr": "HI?", "action_flag": 1, "change_message": "[{\"added\": {}}, {\"added\": {\"name\": \"choice\", \"object\": \"yes\"}}, {\"added\": {\"name\": \"choice\", \"object\": \"no\"}}]"}}, {"model": "admin.logentry", "pk": 7, "fields": {"action_time": "2025-04-28T16:09:31.249Z", "user": 7, "content_type": 9, "object_id": "17", "object_repr": "Comment object (17)", "action_flag": 3, "change_message": ""}}, {"model": "admin.logentry", "pk": 8, "fields": {"action_time": "2025-04-28T16:09:31.249Z", "user": 7, "content_type": 9, "object_id": "16", "object_repr": "Comment object (16)", "action_flag": 3, "change_message": ""}}, {"model": "admin.logentry", "pk": 9, "fields": {"action_time": "2025-04-28T16:09:31.249Z", "user": 7, "content_type": 9, "object_id": "15", "object_repr": "Comment object (15)", "action_flag": 3, "change_message": ""}}, {"model": "admin.logentry", "pk": 10, "fields": {"action_time": "2025-04-28T16:09:31.249Z", "user": 7, "content_type": 9, "object_id": "14", "object_repr": "Comment object (14)", "action_flag": 3, "change_message": ""}}, {"model": "admin.logentry", "pk": 11, "fields": {"action_time": "2025-04-28T16:09:31.249Z", "user": 7, "content_type": 9, "object_id": "13", "object_repr": "Comment object (13)", "action_flag": 3, "change_message": ""}}, {"model": "admin.logentry", "pk": 12, "fields": {"action_time": "2025-04-28T16:09:31.249Z", "user": 7, "content_type": 9, "object_id": "12", "object_repr": "Comment object (12)", "action_flag": 3, "change_message": ""}}, {"model": "admin.logentry", "pk": 13, "fields": {"action_time": "2025-04-28T16:09:31.249Z", "user": 7, "content_type": 9, "object_id": "1", "object_repr": "Comment object (1)", "action_flag": 3, "change_message": ""}}, {"model": "admin.logentry", "pk": 14, "fields": {"action_time": "2025-04-28T16:58:22.999Z", "user": 7, "content_type": 19, "object_id": "1", "object_repr": "Wiki", "action_flag": 1, "change_message": "[{\"added\": {}}]"}}, {"model": "admin.logentry", "pk": 15, "fields": {"action_time": "2025-05-04T08:56:20.451Z", "user": 7, "content_type": 17, "object_id": "2", "object_repr": "HI?", "action_flag": 1, "change_message": "[{\"added\": {}}]"}}, {"model": "admin.logentry", "pk": 16, "fields": {"action_time": "2025-05-04T08:56:47.504Z", "user": 7, "content_type": 17, "object_id": "2", "object_repr": "HI?", "action_flag": 3, "change_message": ""}}, {"model": "admin.logentry", "pk": 17, "fields": {"action_time": "2025-05-04T08:57:40.814Z", "user": 7, "content_type": 25, "object_id": "1", "object_repr": "hi", "action_flag": 1, "change_message": "[{\"added\": {}}, {\"added\": {\"name\": \"survey page\", \"object\": \"Page 1 of hi\"}}, {\"added\": {\"name\": \"survey page\", \"object\": \"Page 2 of hi\"}}, {\"added\": {\"name\": \"survey page\", \"object\": \"Page 3 of hi\"}}, {\"added\": {\"name\": \"survey page\", \"object\": \"Page 4 of hi\"}}, {\"added\": {\"name\": \"survey page\", \"object\": \"Page 5 of hi\"}}, {\"added\": {\"name\": \"survey page\", \"object\": \"Page 6 of hi\"}}, {\"added\": {\"name\": \"survey page\", \"object\": \"Page 7 of hi\"}}]"}}, {"model": "admin.logentry", "pk": 18, "fields": {"action_time": "2025-05-04T08:57:59.625Z", "user": 7, "content_type": 24, "object_id": "1", "object_repr": "dda", "action_flag": 1, "change_message": "[{\"added\": {}}, {\"added\": {\"name\": \"choice\", \"object\": \"yes\"}}, {\"added\": {\"name\": \"choice\", \"object\": \"no\"}}]"}}, {"model": "admin.logentry", "pk": 19, "fields": {"action_time": "2025-05-04T08:58:35.343Z", "user": 7, "content_type": 24, "object_id": "1", "object_repr": "dda", "action_flag": 2, "change_message": "[{\"changed\": {\"fields\": [\"Page\"]}}]"}}, {"model": "admin.logentry", "pk": 20, "fields": {"action_time": "2025-05-04T20:24:18.917Z", "user": 7, "content_type": 25, "object_id": "2", "object_repr": "123", "action_flag": 1, "change_message": "[{\"added\": {}}]"}}, {"model": "admin.logentry", "pk": 21, "fields": {"action_time": "2025-05-04T20:30:47.627Z", "user": 7, "content_type": 25, "object_id": "3", "object_repr": "123", "action_flag": 1, "change_message": "[{\"added\": {}}, {\"added\": {\"name\": \"question\", \"object\": \"1231\"}}, {\"added\": {\"name\": \"question\", \"object\": \"adsdd\"}}, {\"added\": {\"name\": \"choice\", \"object\": \"45\"}}, {\"added\": {\"name\": \"choice\", \"object\": \"56\"}}, {\"added\": {\"name\": \"choice\", \"object\": \"43\"}}, {\"added\": {\"name\": \"choice\", \"object\": \"34\"}}, {\"added\": {\"name\": \"choice\", \"object\": \"haha!\"}}, {\"added\": {\"name\": \"choice\", \"object\": \"hha\"}}]"}}, {"model": "admin.logentry", "pk": 22, "fields": {"action_time": "2025-05-04T20:30:56.071Z", "user": 7, "content_type": 25, "object_id": "2", "object_repr": "123", "action_flag": 3, "change_message": ""}}, {"model": "admin.logentry", "pk": 23, "fields": {"action_time": "2025-05-04T20:30:56.071Z", "user": 7, "content_type": 25, "object_id": "1", "object_repr": "hi", "action_flag": 3, "change_message": ""}}, {"model": "admin.logentry", "pk": 24, "fields": {"action_time": "2025-05-04T21:01:04.152Z", "user": 7, "content_type": 25, "object_id": "3", "object_repr": "123", "action_flag": 3, "change_message": ""}}, {"model": "admin.logentry", "pk": 25, "fields": {"action_time": "2025-05-04T22:18:32.725Z", "user": 7, "content_type": 12, "object_id": "5", "object_repr": "photo by home", "action_flag": 2, "change_message": "[{\"changed\": {\"fields\": [\"Is approved\"]}}]"}}, {"model": "admin.logentry", "pk": 26, "fields": {"action_time": "2025-05-05T09:15:21.269Z", "user": 7, "content_type": 19, "object_id": "2", "object_repr": "ahaha", "action_flag": 1, "change_message": "[{\"added\": {}}]"}}, {"model": "admin.logentry", "pk": 27, "fields": {"action_time": "2025-05-05T10:52:34.300Z", "user": 7, "content_type": 25, "object_id": "4", "object_repr": "texs", "action_flag": 1, "change_message": "[{\"added\": {}}, {\"added\": {\"name\": \"question\", \"object\": \"sosal?\"}}, {\"added\": {\"name\": \"question\", \"object\": \"ne\"}}, {\"added\": {\"name\": \"choice\", \"object\": \"da\"}}, {\"added\": {\"name\": \"choice\", \"object\": \"net\"}}, {\"added\": {\"name\": \"choice\", \"object\": \"hz\"}}, {\"added\": {\"name\": \"choice\", \"object\": \"hahh\"}}, {\"added\": {\"name\": \"choice\", \"object\": \"ahah\"}}]"}}, {"model": "admin.logentry", "pk": 28, "fields": {"action_time": "2025-05-05T11:17:17.494Z", "user": 7, "content_type": 14, "object_id": "2", "object_repr": "Payment", "action_flag": 1, "change_message": "[{\"added\": {}}]"}}, {"model": "admin.logentry", "pk": 29, "fields": {"action_time": "2025-05-05T15:28:57.747Z", "user": 7, "content_type": 11, "object_id": "2", "object_repr": "Заборонити дiлення на нуль", "action_flag": 1, "change_message": "[{\"added\": {}}]"}}, {"model": "admin.logentry", "pk": 30, "fields": {"action_time": "2025-05-05T15:31:47.810Z", "user": 7, "content_type": 25, "object_id": "5", "object_repr": "Як справи?", "action_flag": 1, "change_message": "[{\"added\": {}}, {\"added\": {\"name\": \"question\", \"object\": \"1231\"}}, {\"added\": {\"name\": \"question\", \"object\": \"\\u0422\\u043e\\u0447\\u043d\\u043e?\"}}, {\"added\": {\"name\": \"choice\", \"object\": \"\\u0422\\u0430\\u043a\"}}, {\"added\": {\"name\": \"choice\", \"object\": \"\\u041di\"}}, {\"added\": {\"name\": \"choice\", \"object\": \"\\u0425\\u0437\"}}]"}}, {"model": "admin.logentry", "pk": 31, "fields": {"action_time": "2025-05-05T15:43:07.678Z", "user": 7, "content_type": 14, "object_id": "2", "object_repr": "Payment", "action_flag": 3, "change_message": ""}}, {"model": "admin.logentry", "pk": 32, "fields": {"action_time": "2025-05-05T15:43:25.273Z", "user": 7, "content_type": 14, "object_id": "1", "object_repr": "Рiздво", "action_flag": 2, "change_message": "[{\"changed\": {\"fields\": [\"Date\"]}}]"}}, {"model": "admin.logentry", "pk": 33, "fields": {"action_time": "2025-05-05T15:44:06.198Z", "user": 7, "content_type": 14, "object_id": "1", "object_repr": "Рiздво", "action_flag": 2, "change_message": "[{\"changed\": {\"fields\": [\"Body\", \"Media\"]}}]"}}, {"model": "admin.logentry", "pk": 34, "fields": {"action_time": "2025-05-05T15:45:05.796Z", "user": 7, "content_type": 19, "object_id": "2", "object_repr": "ahaha", "action_flag": 3, "change_message": ""}}, {"model": "admin.logentry", "pk": 35, "fields": {"action_time": "2025-05-05T15:45:05.796Z", "user": 7, "content_type": 19, "object_id": "1", "object_repr": "Wiki", "action_flag": 3, "change_message": ""}}, {"model": "admin.logentry", "pk": 36, "fields": {"action_time": "2025-05-05T15:45:20.804Z", "user": 7, "content_type": 19, "object_id": "3", "object_repr": "Сборочка на лиона", "action_flag": 1, "change_message": "[{\"added\": {}}]"}}, {"model": "admin.logentry", "pk": 37, "fields": {"action_time": "2025-05-05T15:58:53.281Z", "user": 7, "content_type": 12, "object_id": "6", "object_repr": "photo by hier", "action_flag": 3, "change_message": ""}}, {"model": "admin.logentry", "pk": 38, "fields": {"action_time": "2025-05-05T15:58:53.281Z", "user": 7, "content_type": 12, "object_id": "5", "object_repr": "photo by home", "action_flag": 3, "change_message": ""}}, {"model": "admin.logentry", "pk": 39, "fields": {"action_time": "2025-05-05T15:58:53.281Z", "user": 7, "content_type": 12, "object_id": "4", "object_repr": "photo by home", "action_flag": 3, "change_message": ""}}, {"model": "admin.logentry", "pk": 40, "fields": {"action_time": "2025-05-05T15:58:53.281Z", "user": 7, "content_type": 12, "object_id": "3", "object_repr": "video by home", "action_flag": 3, "change_message": ""}}, {"model": "admin.logentry", "pk": 41, "fields": {"action_time": "2025-05-05T15:58:53.281Z", "user": 7, "content_type": 12, "object_id": "1", "object_repr": "photo by USERR", "action_flag": 3, "change_message": ""}}, {"model": "admin.logentry", "pk": 42, "fields": {"action_time": "2025-05-05T15:59:21.159Z", "user": 7, "content_type": 12, "object_id": "7", "object_repr": "photo by home", "action_flag": 1, "change_message": "[{\"added\": {}}]"}}, {"model": "admin.logentry", "pk": 43, "fields": {"action_time": "2025-05-05T16:02:48.749Z", "user": 7, "content_type": 15, "object_id": "2", "object_repr": "Announcement object (2)", "action_flag": 3, "change_message": ""}}, {"model": "admin.logentry", "pk": 44, "fields": {"action_time": "2025-05-05T16:02:56.401Z", "user": 7, "content_type": 15, "object_id": "3", "object_repr": "Announcement object (3)", "action_flag": 1, "change_message": "[{\"added\": {}}]"}}, {"model": "admin.logentry", "pk": 45, "fields": {"action_time": "2025-05-05T16:03:10.389Z", "user": 7, "content_type": 15, "object_id": "4", "object_repr": "Announcement object (4)", "action_flag": 1, "change_message": "[{\"added\": {}}]"}}, {"model": "admin.logentry", "pk": 46, "fields": {"action_time": "2025-05-05T17:07:15.601Z", "user": 7, "content_type": 25, "object_id": "6", "object_repr": "hhahhh", "action_flag": 1, "change_message": "[{\"added\": {}}, {\"added\": {\"name\": \"question\", \"object\": \"te\"}}, {\"added\": {\"name\": \"choice\", \"object\": \"da\"}}, {\"added\": {\"name\": \"choice\", \"object\": \"no\"}}]"}}, {"model": "admin.logentry", "pk": 47, "fields": {"action_time": "2025-05-05T17:09:20.804Z", "user": 7, "content_type": 25, "object_id": "6", "object_repr": "hhahhh", "action_flag": 3, "change_message": ""}}, {"model": "admin.logentry", "pk": 48, "fields": {"action_time": "2025-05-05T17:09:20.804Z", "user": 7, "content_type": 25, "object_id": "4", "object_repr": "texs", "action_flag": 3, "change_message": ""}}, {"model": "admin.logentry", "pk": 49, "fields": {"action_time": "2025-05-05T17:09:31.953Z", "user": 7, "content_type": 25, "object_id": "7", "object_repr": "syup", "action_flag": 1, "change_message": "[{\"added\": {}}, {\"added\": {\"name\": \"question\", \"object\": \"da\"}}, {\"added\": {\"name\": \"choice\", \"object\": \"das\"}}, {\"added\": {\"name\": \"choice\", \"object\": \"nre\"}}]"}}, {"model": "admin.logentry", "pk": 50, "fields": {"action_time": "2025-05-12T16:04:16.753Z", "user": 7, "content_type": 25, "object_id": "8", "object_repr": "Опитування", "action_flag": 1, "change_message": "[{\"added\": {}}, {\"added\": {\"name\": \"question\", \"object\": \"123\"}}, {\"added\": {\"name\": \"question\", \"object\": \"ne\"}}, {\"added\": {\"name\": \"choice\", \"object\": \"da\"}}, {\"added\": {\"name\": \"choice\", \"object\": \"net\"}}, {\"added\": {\"name\": \"choice\", \"object\": \"da\"}}, {\"added\": {\"name\": \"choice\", \"object\": \"net\"}}]"}}, {"model": "admin.logentry", "pk": 51, "fields": {"action_time": "2025-05-12T16:26:24.989Z", "user": 7, "content_type": 17, "object_id": "1", "object_repr": "HI?", "action_flag": 3, "change_message": ""}}, {"model": "admin.logentry", "pk": 52, "fields": {"action_time": "2025-05-12T16:26:49.534Z", "user": 7, "content_type": 17, "object_id": "3", "object_repr": "???", "action_flag": 1, "change_message": "[{\"added\": {}}]"}}, {"model": "admin.logentry", "pk": 53, "fields": {"action_time": "2025-05-12T16:28:34.483Z", "user": 7, "content_type": 17, "object_id": "3", "object_repr": "???", "action_flag": 2, "change_message": "[]"}}, {"model": "admin.logentry", "pk": 54, "fields": {"action_time": "2025-05-12T16:33:13.196Z", "user": 7, "content_type": 12, "object_id": "8", "object_repr": "photo by home", "action_flag": 2, "change_message": "[{\"changed\": {\"fields\": [\"Is approved\"]}}]"}}, {"model": "admin.logentry", "pk": 55, "fields": {"action_time": "2025-05-12T16:33:37.714Z", "user": 7, "content_type": 12, "object_id": "9", "object_repr": "photo by home", "action_flag": 2, "change_message": "[{\"changed\": {\"fields\": [\"Is approved\"]}}]"}}, {"model": "admin.logentry", "pk": 56, "fields": {"action_time": "2025-05-12T16:36:13.923Z", "user": 7, "content_type": 19, "object_id": "4", "object_repr": "adad", "action_flag": 1, "change_message": "[{\"added\": {}}]"}}, {"model": "admin.logentry", "pk": 57, "fields": {"action_time": "2025-05-12T16:38:18.251Z", "user": 7, "content_type": 25, "object_id": "9", "object_repr": "??", "action_flag": 1, "change_message": "[{\"added\": {}}, {\"added\": {\"name\": \"question\", \"object\": \"sosal?\"}}, {\"added\": {\"name\": \"question\", \"object\": \"da\"}}, {\"added\": {\"name\": \"choice\", \"object\": \"da\"}}, {\"added\": {\"name\": \"choice\", \"object\": \"net\"}}, {\"added\": {\"name\": \"choice\", \"object\": \"123\"}}]"}}, {"model": "admin.logentry", "pk": 58, "fields": {"action_time": "2025-06-22T17:46:31.865Z", "user": 7, "content_type": 25, "object_id": "10", "object_repr": "dsa", "action_flag": 1, "change_message": "[{\"added\": {}}, {\"added\": {\"name\": \"question\", \"object\": \"das\"}}, {\"added\": {\"name\": \"question\", \"object\": \"dasa\"}}, {\"added\": {\"name\": \"choice\", \"object\": \"da\"}}, {\"added\": {\"name\": \"choice\", \"object\": \"sda\"}}]"}}, {"model": "admin.logentry", "pk": 59, "fields": {"action_time": "2025-06-23T15:32:43.778Z", "user": 7, "content_type": 17, "object_id": "4", "object_repr": "no?", "action_flag": 1, "change_message": "[{\"added\": {}}, {\"added\": {\"name\": \"choice\", \"object\": \"1\"}}, {\"added\": {\"name\": \"choice\", \"object\": \"2\"}}]"}}, {"model": "admin.logentry", "pk": 60, "fields": {"action_time": "2025-06-23T15:55:30.416Z", "user": 7, "content_type": 19, "object_id": "4", "object_repr": "adad", "action_flag": 2, "change_message": "[]"}}, {"model": "admin.logentry", "pk": 61, "fields": {"action_time": "2025-06-23T16:06:20.147Z", "user": 7, "content_type": 19, "object_id": "5", "object_repr": "dasfa", "action_flag": 1, "change_message": "[{\"added\": {}}]"}}, {"model": "admin.logentry", "pk": 62, "fields": {"action_time": "2025-06-23T16:06:55.155Z", "user": 7, "content_type": 19, "object_id": "5", "object_repr": "dasfa", "action_flag": 2, "change_message": "[{\"changed\": {\"fields\": [\"Youtube video id\"]}}]"}}, {"model": "admin.logentry", "pk": 63, "fields": {"action_time": "2025-06-23T16:06:59.550Z", "user": 7, "content_type": 19, "object_id": "5", "object_repr": "dasfa", "action_flag": 2, "change_message": "[{\"changed\": {\"fields\": [\"Youtube video id\"]}}]"}}, {"model": "admin.logentry", "pk": 64, "fields": {"action_time": "2025-06-23T16:07:08.086Z", "user": 7, "content_type": 19, "object_id": "5", "object_repr": "dasfa", "action_flag": 2, "change_message": "[{\"changed\": {\"fields\": [\"Youtube video id\"]}}]"}}, {"model": "admin.logentry", "pk": 65, "fields": {"action_time": "2025-06-23T16:07:13.554Z", "user": 7, "content_type": 19, "object_id": "5", "object_repr": "dasfa", "action_flag": 2, "change_message": "[{\"changed\": {\"fields\": [\"Youtube video id\"]}}]"}}, {"model": "admin.logentry", "pk": 66, "fields": {"action_time": "2025-06-30T09:16:49.551Z", "user": 7, "content_type": 17, "object_id": "4", "object_repr": "no?", "action_flag": 3, "change_message": ""}}, {"model": "admin.logentry", "pk": 67, "fields": {"action_time": "2025-06-30T09:16:54.390Z", "user": 7, "content_type": 17, "object_id": "3", "object_repr": "???", "action_flag": 3, "change_message": ""}}, {"model": "admin.logentry", "pk": 68, "fields": {"action_time": "2025-06-30T09:17:28.033Z", "user": 7, "content_type": 25, "object_id": "10", "object_repr": "dsa", "action_flag": 3, "change_message": ""}}, {"model": "admin.logentry", "pk": 69, "fields": {"action_time": "2025-06-30T09:17:28.033Z", "user": 7, "content_type": 25, "object_id": "9", "object_repr": "??", "action_flag": 3, "change_message": ""}}, {"model": "admin.logentry", "pk": 70, "fields": {"action_time": "2025-06-30T09:17:28.034Z", "user": 7, "content_type": 25, "object_id": "8", "object_repr": "Опитування", "action_flag": 3, "change_message": ""}}, {"model": "admin.logentry", "pk": 71, "fields": {"action_time": "2025-06-30T09:17:28.034Z", "user": 7, "content_type": 25, "object_id": "7", "object_repr": "syup", "action_flag": 3, "change_message": ""}}, {"model": "admin.logentry", "pk": 72, "fields": {"action_time": "2025-06-30T09:17:28.034Z", "user": 7, "content_type": 25, "object_id": "5", "object_repr": "Як справи?", "action_flag": 3, "change_message": ""}}, {"model": "admin.logentry", "pk": 73, "fields": {"action_time": "2025-06-30T09:22:18.337Z", "user": 7, "content_type": 25, "object_id": "11", "object_repr": "Як покращити сайт?", "action_flag": 1, "change_message": "[{\"added\": {}}, {\"added\": {\"name\": \"question\", \"object\": \"\\u0429\\u043e \\u0431 \\u0432\\u0438 \\u0431\\u0430\\u0436\\u0430\\u043b\\u0438 \\u043f\\u043e\\u0431\\u0430\\u0447\\u0438\\u0442\\u0438 \\u043d\\u0430 \\u0441\\u0430\\u0439\\u0442i?\"}}, {\"added\": {\"name\": \"question\", \"object\": \"\\u042f\\u043a\\u0456 \\u043e\\u0433\\u043e\\u043b\\u043e\\u0448\\u0435\\u043d\\u043d\\u044f \\u043d\\u0430 \\u0441\\u0430\\u0439\\u0442i \\u0434\\u043b\\u044f \\u0432\\u0430\\u0441 \\u043d\\u0430\\u0439\\u0446\\u0456\\u043a\\u0430\\u0432\\u0456\\u0448\\u0456?\"}}, {\"added\": {\"name\": \"choice\", \"object\": \"\\u041e\\u043d\\u043e\\u0432\\u043b\\u0435\\u043d\\u043d\\u044f \\u0441\\u0430\\u0439\\u0442\\u0443\"}}, {\"added\": {\"name\": \"choice\", \"object\": \"\\u041a\\u043e\\u043b\\u0435\\u043a\\u0442\\u0438\\u0432\\u043d\\u0456 \\u0437\\u0431\\u043e\\u0440\\u0438 / \\u043f\\u043e\\u0434\\u0456\\u0457\"}}, {\"added\": {\"name\": \"choice\", \"object\": \"\\u041f\\u043e\\u044f\\u0432\\u0430 \\u043d\\u043e\\u0432\\u0438\\u0445 \\u0442\\u0435\\u0441\\u0442\\u0456\\u0432 \\u0442\\u0430 \\u043e\\u043f\\u0438\\u0442\\u0443\\u0432\\u0430\\u043d\\u044c\"}}]"}}, {"model": "admin.logentry", "pk": 74, "fields": {"action_time": "2025-06-30T09:23:19.022Z", "user": 7, "content_type": 17, "object_id": "5", "object_repr": "Яке морозиво краще?", "action_flag": 1, "change_message": "[{\"added\": {}}, {\"added\": {\"name\": \"choice\", \"object\": \"\\u041f\\u043e\\u043b\\u0443\\u043d\\u0438\\u0447\\u043d\\u0435\"}}, {\"added\": {\"name\": \"choice\", \"object\": \"\\u0428\\u043e\\u043a\\u043e\\u043b\\u0430\\u0434\\u043d\\u0435\"}}, {\"added\": {\"name\": \"choice\", \"object\": \"\\u0412\\u0430\\u043d\\u0456\\u043b\\u044c\\u043d\\u0435\"}}]"}}, {"model": "admin.logentry", "pk": 75, "fields": {"action_time": "2025-06-30T09:26:47.999Z", "user": 7, "content_type": 19, "object_id": "4", "object_repr": "adad", "action_flag": 2, "change_message": "[]"}}, {"model": "admin.logentry", "pk": 76, "fields": {"action_time": "2025-06-30T09:33:35.703Z", "user": 7, "content_type": 19, "object_id": "6", "object_repr": "ahah", "action_flag": 1, "change_message": "[{\"added\": {}}]"}}, {"model": "admin.logentry", "pk": 77, "fields": {"action_time": "2025-06-30T09:37:04.946Z", "user": 7, "content_type": 19, "object_id": "6", "object_repr": "ahah", "action_flag": 3, "change_message": ""}}, {"model": "admin.logentry", "pk": 78, "fields": {"action_time": "2025-06-30T09:37:04.946Z", "user": 7, "content_type": 19, "object_id": "5", "object_repr": "dasfa", "action_flag": 3, "change_message": ""}}, {"model": "admin.logentry", "pk": 79, "fields": {"action_time": "2025-06-30T09:37:04.946Z", "user": 7, "content_type": 19, "object_id": "4", "object_repr": "adad", "action_flag": 3, "change_message": ""}}, {"model": "admin.logentry", "pk": 80, "fields": {"action_time": "2025-06-30T09:37:14.765Z", "user": 7, "content_type": 19, "object_id": "3", "object_repr": "Сборочка на лиона", "action_flag": 2, "change_message": "[]"}}, {"model": "admin.logentry", "pk": 81, "fields": {"action_time": "2025-06-30T09:38:10.463Z", "user": 7, "content_type": 19, "object_id": "7", "object_repr": "Гайд на дiлення дробiв", "action_flag": 1, "change_message": "[{\"added\": {}}]"}}, {"model": "admin.logentry", "pk": 82, "fields": {"action_time": "2025-06-30T10:05:25.644Z", "user": 7, "content_type": 12, "object_id": "9", "object_repr": "photo by home", "action_flag": 3, "change_message": ""}}, {"model": "admin.logentry", "pk": 83, "fields": {"action_time": "2025-06-30T10:05:25.644Z", "user": 7, "content_type": 12, "object_id": "8", "object_repr": "photo by home", "action_flag": 3, "change_message": ""}}, {"model": "admin.logentry", "pk": 84, "fields": {"action_time": "2025-06-30T10:05:25.644Z", "user": 7, "content_type": 12, "object_id": "2", "object_repr": "photo by exeyou1", "action_flag": 3, "change_message": ""}}, {"model": "admin.logentry", "pk": 85, "fields": {"action_time": "2025-06-30T16:10:48.579Z", "user": 7, "content_type": 9, "object_id": "30", "object_repr": "Comment object (30)", "action_flag": 2, "change_message": "[{\"changed\": {\"fields\": [\"Content\"]}}]"}}, {"model": "admin.logentry", "pk": 86, "fields": {"action_time": "2025-06-30T16:11:32.693Z", "user": 7, "content_type": 9, "object_id": "21", "object_repr": "Comment object (21)", "action_flag": 2, "change_message": "[{\"changed\": {\"fields\": [\"Content\"]}}]"}}, {"model": "admin.logentry", "pk": 87, "fields": {"action_time": "2025-06-30T16:11:55.828Z", "user": 7, "content_type": 9, "object_id": "30", "object_repr": "Comment object (30)", "action_flag": 2, "change_message": "[{\"changed\": {\"fields\": [\"Youtube video id\"]}}]"}}, {"model": "admin.logentry", "pk": 88, "fields": {"action_time": "2025-06-30T16:12:25.421Z", "user": 7, "content_type": 9, "object_id": "21", "object_repr": "Comment object (21)", "action_flag": 2, "change_message": "[{\"changed\": {\"fields\": [\"Youtube video id\"]}}]"}}, {"model": "auth.user", "pk": 1, "fields": {"password": "pbkdf2_sha256$870000$CsvgZfx0pgOBzTWWMG0QJ2$t/OxWkRjPvbANYFk/g2sMbD2MoVd9YOKyJPBLm1KqAg=", "last_login": null, "is_superuser": true, "username": "exeyou", "first_name": "", "last_name": "", "email": "arsenstukalov@gmail.com", "is_staff": true, "is_active": true, "date_joined": "2025-04-09T16:23:59.796Z", "groups": [], "user_permissions": []}}, {"model": "auth.user", "pk": 2, "fields": {"password": "pbkdf2_sha256$870000$3g8OttJosKUf2tCPtgPPHr$TWvKiSJfZORhIYWrOPzLX5GH5OSzDsMNv6icvBpHrbY=", "last_login": "2025-04-16T20:33:28.255Z", "is_superuser": false, "username": "user12", "first_name": "Арсенiй", "last_name": "Стукалов", "email": "arsenstukalov@gmail.com", "is_staff": false, "is_active": true, "date_joined": "2025-04-16T20:33:26.686Z", "groups": [], "user_permissions": []}}, {"model": "auth.user", "pk": 3, "fields": {"password": "pbkdf2_sha256$870000$ytE6IsMvMEbM33WOklCjoG$VSRGObwVfN8ocqiEeSCIZw04V7dUwIRjqvuPw3QUB1M=", "last_login": "2025-05-05T17:22:37.025Z", "is_superuser": false, "username": "USERR", "first_name": "Арсенiй", "last_name": "Стукалов", "email": "arsenstukalov@gmail.com", "is_staff": false, "is_active": true, "date_joined": "2025-04-16T20:35:25.049Z", "groups": [], "user_permissions": []}}, {"model": "auth.user", "pk": 4, "fields": {"password": "pbkdf2_sha256$870000$Lv2Q2J0wh5dr4OoxvExrgt$FnXlTxaKd7gD7bOAicIeVP+LJ1cGJ9EfyItFVIjKpEE=", "last_login": "2025-04-16T21:29:23.029Z", "is_superuser": true, "username": "phobic", "first_name": "", "last_name": "", "email": "arsenstukalov@gmail.com", "is_staff": true, "is_active": true, "date_joined": "2025-04-16T21:28:36.255Z", "groups": [], "user_permissions": []}}, {"model": "auth.user", "pk": 5, "fields": {"password": "pbkdf2_sha256$870000$7KCDfAMCiGSjRnpYR1wM7z$z9NdMP1WIyRh43D/PJUZigYYP0D4z1zZa9VNh9oMwkU=", "last_login": "2025-04-21T08:36:58.143Z", "is_superuser": true, "username": "exeyou1", "first_name": "", "last_name": "", "email": "arsenstukalov@gmail.com", "is_staff": true, "is_active": true, "date_joined": "2025-04-21T08:36:51.575Z", "groups": [], "user_permissions": []}}, {"model": "auth.user", "pk": 6, "fields": {"password": "pbkdf2_sha256$870000$mcIBepD5Rb8QIKgjwcD10O$CFklvTl3YmOJMmC/JKusfUROXl6tIw5dLHA6clsDGDk=", "last_login": "2025-05-05T09:27:40.553Z", "is_superuser": false, "username": "signup", "first_name": "Арсенiй", "last_name": "Стукалов", "email": "arsenstukalov@gmail.com", "is_staff": false, "is_active": true, "date_joined": "2025-04-28T14:12:15.658Z", "groups": [], "user_permissions": []}}, {"model": "auth.user", "pk": 7, "fields": {"password": "pbkdf2_sha256$870000$xrxyxIwMdpTLWlScuyI0w3$wRxyVhbUhzijzWmckwporE0bWrVQt4jvLK81Dc8dOPY=", "last_login": "2025-06-30T09:16:25.991Z", "is_superuser": true, "username": "home", "first_name": "Арсенiй", "last_name": "Стукаловв", "email": "arsenstukalov@gmail.com", "is_staff": true, "is_active": true, "date_joined": "2025-04-28T14:16:25.285Z", "groups": [], "user_permissions": []}}, {"model": "auth.user", "pk": 8, "fields": {"password": "pbkdf2_sha256$870000$5dW5hsKjp3ZUG43uzVk9hm$bCmwbkdS/Rls2erqow3I1TQjzxlNEIDgm2KJBlnapcU=", "last_login": "2025-05-05T13:34:58.815Z", "is_superuser": false, "username": "hier", "first_name": "Арс", "last_name": "Стук", "email": "arsenstukalov@gmail.com", "is_staff": false, "is_active": true, "date_joined": "2025-05-05T13:34:57.450Z", "groups": [], "user_permissions": []}}, {"model": "auth.user", "pk": 9, "fields": {"password": "pbkdf2_sha256$870000$yHwW0KZnDZjqO2ChPXbOuI$JUGWerhEjDnvMt84v+oVKGKo9Ip5ul+mAoAELPYW8UU=", "last_login": "2025-05-05T14:16:30.094Z", "is_superuser": false, "username": "adada", "first_name": "Стукалов", "last_name": "Арсен", "email": "arsenstukalov@gmail.com", "is_staff": false, "is_active": true, "date_joined": "2025-05-05T14:16:28.753Z", "groups": [], "user_permissions": []}}, {"model": "auth.user", "pk": 10, "fields": {"password": "pbkdf2_sha256$870000$CcUDe2wNRaA0d27gH4XmCP$Di0EJVxBwfJdJ9AmaCRyqIeooqRUgxa3h4Xds+HMOMc=", "last_login": "2025-05-05T17:26:25.321Z", "is_superuser": false, "username": "ahahhh", "first_name": "12", "last_name": "12", "email": "arsenstukalov@gmail.com", "is_staff": false, "is_active": true, "date_joined": "2025-05-05T17:26:23.947Z", "groups": [], "user_permissions": []}}, {"model": "auth.user", "pk": 11, "fields": {"password": "pbkdf2_sha256$870000$otobH4hZpfbD5WgvVuTgJ3$2jZZL/mCgLSbx+eKc+HrnhjpSkXJW2SpNGFGu5OqRxM=", "last_login": "2025-05-05T17:29:30.912Z", "is_superuser": false, "username": "RAWR_sorryforsteal", "first_name": "ars", "last_name": "ars", "email": "arsenstukalov@gmail.com", "is_staff": false, "is_active": true, "date_joined": "2025-05-05T17:29:29.611Z", "groups": [], "user_permissions": []}}, {"model": "announcement.announcement", "pk": 3, "fields": {"name": "Важлива iнфа", "body": "забейте", "created_at": "2025-05-05T16:02:56.400Z", "date": "2025-05-05T16:02:56.400Z"}}, {"model": "announcement.announcement", "pk": 4, "fields": {"name": "Вот теперь рил важливе", "body": "забейте x2", "created_at": "2025-05-05T16:03:10.387Z", "date": "2025-05-05T16:03:10.387Z"}}, {"model": "sessions.session", "pk": "1fs1tbm3inhoa92ybrmkv8qqr91zg46i", "fields": {"session_data": ".eJxVjMsOwiAQRf-FtSEw5VFcuvcbCDOMUjWQlHZl_HfbpAvd3nPueYuY1qXEtfMcpyzOwovT74aJnlx3kB-p3pukVpd5Qrkr8qBdXlvm1-Vw_wIl9bK9gydHY0Bts_E3R-AtBDQMznilg1MBByLmBAlgy6IJdmQi0KAGRyQ-X9l3N9Q:1uTOl5:mGrqDXB1oH4iQqjIv8kQ0V20I3LqmUvno-7RMOv8_g0", "expire_date": "2025-07-06T17:45:35.316Z"}}, {"model": "sessions.session", "pk": "bh85qkdnklnlsqp1dzlbv1uag85hdfsb", "fields": {"session_data": ".eJxVjMsOwiAQRf-FtSEw5VFcuvcbCDOMUjWQlHZl_HfbpAvd3nPueYuY1qXEtfMcpyzOwovT74aJnlx3kB-p3pukVpd5Qrkr8qBdXlvm1-Vw_wIl9bK9gydHY0Bts_E3R-AtBDQMznilg1MBByLmBAlgy6IJdmQi0KAGRyQ-X9l3N9Q:1uWAcj:Eu0UENb7DfZzRrq09XyccnPiaPI1lhhnudFudIuPUiQ", "expire_date": "2025-07-14T09:16:25.996Z"}}, {"model": "sessions.session", "pk": "o6jbg9zya34442ym11bietctiejz2ky1", "fields": {"session_data": ".eJxVjMsOwiAUBf-FtSGlvS3g0r3fQO4DpGogKe3K-O_apAvdnpk5LxVwW3PYWlzCLOqsBnX63Qj5EcsO5I7lVjXXsi4z6V3RB236WiU-L4f7d5Cx5W_dQ0ckGFEmGg30LNYNDCP4HtkKgzBx9JQI_OS6lEyKYJy1diIhL-r9ARDeOSo:1uBy9l:4ayNUvtSvMU67DtvP4ZkWQdO9aS8ivCTdts3wRswsJM", "expire_date": "2025-05-19T15:55:01.896Z"}}, {"model": "sessions.session", "pk": "vuy0ujmh9i5kwsg2gs8htb39w8dfgev1", "fields": {"session_data": ".eJxVjMsOwiAQRf-FtSEw5VFcuvcbCDOMUjWQlHZl_HfbpAvd3nPueYuY1qXEtfMcpyzOwovT74aJnlx3kB-p3pukVpd5Qrkr8qBdXlvm1-Vw_wIl9bK9gydHY0Bts_E3R-AtBDQMznilg1MBByLmBAlgy6IJdmQi0KAGRyQ-X9l3N9Q:1uTj0h:o8RVJvfOSIr4CmEF0xtMiNA89q47w_M92FA7KIJRdb4", "expire_date": "2025-07-07T15:23:03.619Z"}}, {"model": "sessions.session", "pk": "xpkms4mhqg7ezd8oj2755zs9qu3kurjv", "fields": {"session_data": ".eJxVjMsOwiAQRf-FtSEw5VFcuvcbCDOMUjWQlHZl_HfbpAvd3nPueYuY1qXEtfMcpyzOwovT74aJnlx3kB-p3pukVpd5Qrkr8qBdXlvm1-Vw_wIl9bK9gydHY0Bts_E3R-AtBDQMznilg1MBByLmBAlgy6IJdmQi0KAGRyQ-X9l3N9Q:1uEVcy:504jEOhx90SStd2fyF39qG2xqfch-Uxh4m5T7pBr4IA", "expire_date": "2025-05-26T16:03:40.408Z"}}, {"model": "accounts.portfolioproject", "pk": 3, "fields": {"owner": 9, "title": "sfd", "description": "asdfsf", "screenshot": "", "link": "https://www.youtube.com/watch?v=ccXqS0OR41w&t=390s", "file": "", "created_at": "2025-05-05T14:34:45.451Z"}}, {"model": "accounts.portfolioproject", "pk": 4, "fields": {"owner": 9, "title": "dasd", "description": "adsasdda", "screenshot": "projects/screenshots/загружено_26_ikHB5PL.jpg", "link": "https://www.youtube.com/watch?v=ccXqS0OR41w&t=390s", "file": "projects/files/загружено_26_ChC8gFR.jpg", "created_at": "2025-05-05T14:44:54.877Z"}}, {"model": "forum.branch", "pk": 1, "fields": {"title": "Interesting theme", "body": "hmmmm...", "creator": 4}}, {"model": "forum.branch", "pk": 2, "fields": {"title": "Заборонити дiлення на нуль", "body": "Це неправильно", "creator": 7}}, {"model": "forum.comment", "pk": 19, "fields": {"branch": 1, "author": 7, "content": " ", "created_at": "2025-04-28T14:45:16.312Z", "media": "", "parent": null, "youtube_video_id": null}}, {"model": "forum.comment", "pk": 20, "fields": {"branch": 1, "author": 7, "content": " ", "created_at": "2025-04-28T14:45:18.130Z", "media": "", "parent": null, "youtube_video_id": null}}, {"model": "forum.comment", "pk": 21, "fields": {"branch": 1, "author": 7, "content": "ad", "created_at": "2025-04-28T14:51:19.407Z", "media": "", "parent": null, "youtube_video_id": null}}, {"model": "forum.comment", "pk": 22, "fields": {"branch": 1, "author": 7, "content": "FAF", "created_at": "2025-04-28T16:10:28.688Z", "media": "b-114aceb60691b.jpg", "parent": null, "youtube_video_id": null}}, {"model": "forum.comment", "pk": 23, "fields": {"branch": 1, "author": 7, "content": "no", "created_at": "2025-05-04T21:39:39.071Z", "media": "", "parent": 20, "youtube_video_id": null}}, {"model": "forum.comment", "pk": 25, "fields": {"branch": 1, "author": 7, "content": "ni", "created_at": "2025-05-04T21:39:48.596Z", "media": "", "parent": 20, "youtube_video_id": null}}, {"model": "forum.comment", "pk": 27, "fields": {"branch": 1, "author": 7, "content": "yeee", "created_at": "2025-05-04T21:54:11.213Z", "media": "", "parent": 19, "youtube_video_id": null}}, {"model": "forum.comment", "pk": 28, "fields": {"branch": 1, "author": 7, "content": "hhe", "created_at": "2025-05-04T21:54:20.933Z", "media": "utorrent_installer.exe", "parent": null, "youtube_video_id": null}}, {"model": "forum.comment", "pk": 29, "fields": {"branch": 1, "author": 8, "content": "HELLO!!", "created_at": "2025-05-05T13:35:08.192Z", "media": "", "parent": null, "youtube_video_id": null}}, {"model": "forum.comment", "pk": 30, "fields": {"branch": 1, "author": 8, "content": "a", "created_at": "2025-05-05T13:35:17.261Z", "media": "загружено_26_IN7z1bn.jpg", "parent": null, "youtube_video_id": null}}, {"model": "forum.comment", "pk": 31, "fields": {"branch": 1, "author": 8, "content": "ll", "created_at": "2025-05-05T13:35:23.855Z", "media": "", "parent": 30, "youtube_video_id": null}}, {"model": "forum.comment", "pk": 32, "fields": {"branch": 2, "author": 7, "content": "Згоден", "created_at": "2025-05-05T15:29:11.550Z", "media": "", "parent": null, "youtube_video_id": null}}, {"model": "forum.comment", "pk": 33, "fields": {"branch": 2, "author": 7, "content": "Фон", "created_at": "2025-05-05T15:29:40.064Z", "media": "изображение_2025-05-05_182939582.png", "parent": null, "youtube_video_id": null}}, {"model": "forum.comment", "pk": 36, "fields": {"branch": 2, "author": 3, "content": "https://www.youtube.com/watch?v=Vwj9q1Jk6LM", "created_at": "2025-05-05T15:55:21.489Z", "media": "", "parent": null, "youtube_video_id": "Vwj9q1Jk6LM"}}, {"model": "forum.comment", "pk": 38, "fields": {"branch": 2, "author": 7, "content": "aha", "created_at": "2025-05-05T16:44:05.654Z", "media": "", "parent": 36, "youtube_video_id": null}}, {"model": "forum.comment", "pk": 39, "fields": {"branch": 1, "author": 7, "content": "aaa", "created_at": "2025-06-30T11:44:19.657Z", "media": "", "parent": null, "youtube_video_id": null}}, {"model": "forum.like", "pk": 18, "fields": {"comment": 20, "user": 7, "created_at": "2025-05-04T21:39:36.182Z"}}, {"model": "forum.like", "pk": 19, "fields": {"comment": 19, "user": 7, "created_at": "2025-05-04T21:39:54.144Z"}}, {"model": "forum.like", "pk": 20, "fields": {"comment": 30, "user": 8, "created_at": "2025-05-05T13:35:20.506Z"}}, {"model": "forum.like", "pk": 21, "fields": {"comment": 29, "user": 8, "created_at": "2025-05-05T13:35:21.281Z"}}, {"model": "forum.like", "pk": 27, "fields": {"comment": 28, "user": 9, "created_at": "2025-05-05T14:50:07.079Z"}}, {"model": "forum.like", "pk": 32, "fields": {"comment": 36, "user": 3, "created_at": "2025-05-05T16:06:10.768Z"}}, {"model": "forum.like", "pk": 33, "fields": {"comment": 36, "user": 7, "created_at": "2025-05-05T16:44:02.043Z"}}, {"model": "forum.like", "pk": 34, "fields": {"comment": 33, "user": 7, "created_at": "2025-05-12T16:32:43.279Z"}}, {"model": "gallery.media", "pk": 7, "fields": {"user": 7, "file": "media_uploads/изображение_2025-05-05_185920532.png", "description": "Гордiсть школи", "media_type": "photo", "is_approved": true, "created_at": "2025-05-05T15:59:21.157Z"}}, {"model": "vote.poll", "pk": 5, "fields": {"question": "Яке морозиво краще?", "created_at": "2025-06-30T09:23:19Z", "updated_at": "2025-06-30T09:23:19Z"}}, {"model": "vote.choice", "pk": 5, "fields": {"poll": 5, "text": "Полуничне"}}, {"model": "vote.choice", "pk": 6, "fields": {"poll": 5, "text": "Шоколадне"}}, {"model": "vote.choice", "pk": 7, "fields": {"poll": 5, "text": "Ванільне"}}, {"model": "vote.vote", "pk": 2, "fields": {"user": 7, "poll": 5, "choice": 5, "voted_at": "2025-06-30T09:23:40.030Z", "revoted": true}}, {"model": "events.event", "pk": 1, "fields": {"name": "Рiздво", "body": "Вечiрка", "created_at": "2025-04-23T12:51:00.487Z", "date": "2025-05-05T00:00:00Z", "media": "изображение_2025-05-05_184352430.png"}}, {"model": "materials.material", "pk": 3, "fields": {"title": "Сборочка на лиона", "content": "https://steamcommunity.com/sharedfiles/filedetails/?id=3308418133", "media": "materials/загружено_26_oMoNNvV.jpg", "created_at": "2025-05-05T15:45:20.803Z", "updated_at": "2025-06-30T09:37:14.764Z", "author": 3}}, {"model": "materials.material", "pk": 7, "fields": {"title": "Гайд на дiлення дробiв", "content": "https://www.youtube.com/watch?v=n-PfWFmjYAw", "media": "", "created_at": "2025-06-30T09:38:10.462Z", "updated_at": "2025-06-30T09:38:10.462Z", "author": 3}}, {"model": "grades.grade", "pk": 1, "fields": {"student": 2, "subject": "123", "grade": 5, "date": "2025-04-28"}}, {"model": "grades.grade", "pk": 2, "fields": {"student": 2, "subject": "123", "grade": 9, "date": "2025-04-28"}}, {"model": "poll.survey", "pk": 11, "fields": {"title": "Як покращити сайт?", "description": "Дайте відповідi на прості питання, щоб допомогти нам дізнатися, чому ви віддаєте перевагу на нашому сайті.", "created_at": "2025-06-30T09:22:18.333Z", "is_active": true}}, {"model": "poll.question", "pk": 16, "fields": {"survey": 11, "text": "Що б ви бажали побачити на сайтi?", "question_type": "text", "order": 1}}, {"model": "poll.question", "pk": 17, "fields": {"survey": 11, "text": "Які оголошення на сайтi для вас найцікавіші?", "question_type": "checkbox", "order": 2}}, {"model": "poll.choice", "pk": 30, "fields": {"question": 17, "text": "Оновлення сайту"}}, {"model": "poll.choice", "pk": 31, "fields": {"question": 17, "text": "Колективні збори / події"}}, {"model": "poll.choice", "pk": 32, "fields": {"question": 17, "text": "Поява нових тестів та опитувань"}}, {"model": "poll.surveyresult", "pk": 23, "fields": {"user": 7, "survey": 11, "submitted_at": "2025-06-30T09:24:01.987Z", "attempt": 1}}, {"model": "poll.surveyresult", "pk": 24, "fields": {"user": 7, "survey": 11, "submitted_at": "2025-06-30T09:24:06.658Z", "attempt": 2}}, {"model": "poll.answer", "pk": 35, "fields": {"result": 23, "question": 16, "text_answer": "вф", "choices": []}}, {"model": "poll.answer", "pk": 36, "fields": {"result": 24, "question": 17, "text_answer": null, "choices": [30, 31]}}]